Nome do equipamento ou serviço,Tipo do serviço,Endereço,Horário de funcionamento,Telefone,Área de abrangência,Público,Tipo de Equipamento,Região de Saúde,Observação,Email,Bairro,Fonte do registro,Latitude,Longitude,CNES,Nível de Atenção,Esfera administrativa,Status de localização
MMF Caramujo,Módulo do Médico de Família,"Avenida Pastor José Gomes de Souza, s/n, Caramujo, 24140-390",Segunda a sexta; horários variam por unidade,97025-4323,Norte I,População do território de referência,Módulo do Médico de Família,Norte I,,mmfcaramujo@fesaude.niteroi.rj.gov.br,Caramujo,https://sig.niteroi.rj.gov.br/server/rest/services/Hosted/NGP_SMS_FESAUDE_P_REDEPMF_PUBLICO/FeatureServer/10,"-22,8837631","-43,0624011",2298813,Primária,Municipal,Coordenadas oficiais
MMF Vital Brazil,Módulo do Médico de Família,"Rua Antônio Baptista, 08, Vital Brazil, 24230-480
",Segunda a sexta; horários variam por unidade,97030-5707,Praias da Baía II,População do território de referência,Módulo do Médico de Família,Praias da Baía II,,mmfvitalbrazil@fesaude.niteroi.rj.gov.br,Vital Brazil,https://sig.niteroi.rj.gov.br/server/rest/services/Hosted/NGP_SMS_FESAUDE_P_REDEPMF_PUBLICO/FeatureServer/10,"-22,9068214","-43,0933917",0012971,Primária,Municipal,Coordenadas oficiais
MMF Engenho Do Mato,Módulo do Médico de Família,"Avenida Irene Lopes Sodré, s/n, Engenho do Mato, 24346-040",Segunda a sexta; horários variam por unidade,97029-3936,Leste Oceânica,População do território de referência,Módulo do Médico de Família,Leste Oceânica,,mmfengenhodomato@fesaude.niteroi.rj.gov.br,Engenho do Mato,https://sig.niteroi.rj.gov.br/server/rest/services/Hosted/NGP_SMS_FESAUDE_P_REDEPMF_PUBLICO/FeatureServer/10,"-22,9346886","-43,0086259",0013013,Primária,Municipal,Coordenadas oficiais
MMF Cafubá III,Módulo do Médico de Família,"Rua Manoel Pacheco de Carvalho, 107, Piratininga, 24350-401",Segunda a sexta; horários variam por unidade,97034-3042,Leste Oceânica,População do território de referência,Módulo do Médico de Família,Leste Oceânica,,mmfcafuba3@fesaude.niteroi.rj.gov.br,Piratininga,https://sig.niteroi.rj.gov.br/server/rest/services/Hosted/NGP_SMS_FESAUDE_P_REDEPMF_PUBLICO/FeatureServer/10,"-22,9423754","-43,0564197",5985358,Primária,Municipal,Coordenadas oficiais
MMF Morro Da Boa Vista,Módulo do Médico de Família,"Rua Indígena, 200, São Lourenço, 24060-037
",Segunda a sexta; horários variam por unidade,97023-2086,Praias da Baía I,População do território de referência,Módulo do Médico de Família,Praias da Baía I,,mmfboavista@fesaude.niteroi.rj.gov.br,São Lourenço,https://sig.niteroi.rj.gov.br/server/rest/services/Hosted/NGP_SMS_FESAUDE_P_REDEPMF_PUBLICO/FeatureServer/10,"-22,8880981","-43,1098270",9632298,Primária,Municipal,Coordenadas oficiais
MMF Jacaré,Módulo do Médico de Família,"Estrada Frei Orlando, 169, Jacaré, 24350-200",Segunda a sexta; horários variam por unidade,96891-1249,Leste Oceânica,População do território de referência,Módulo do Médico de Família,Leste Oceânica,,mmfjacare@fesaude.niteroi.rj.gov.br,Jacaré,https://sig.niteroi.rj.gov.br/server/rest/services/Hosted/NGP_SMS_FESAUDE_P_REDEPMF_PUBLICO/FeatureServer/10,"-22,9264330","-43,0424077",0480894,Primária,Municipal,Coordenadas oficiais
MMF Cavalão,Módulo do Médico de Família,"Alameda Paris, s/n, São Francisco, 24360-018",Segunda a sexta; horários variam por unidade,97026-6409,Praias da Baía II,População do território de referência,Módulo do Médico de Família,Praias da Baía II,,mmfcavalao@fesaude.niteroi.rj.gov.br,São Francisco,https://sig.niteroi.rj.gov.br/server/rest/services/Hosted/NGP_SMS_FESAUDE_P_REDEPMF_PUBLICO/FeatureServer/10,"-22,9116666","-43,0998451",0012947,Primária,Municipal,Coordenadas oficiais
MMF Martins Torres,Módulo do Médico de Família,"Rua Dr. Martins Torres, 281, Santa Rosa, 24240-705",Segunda a sexta; horários variam por unidade,97034-1154,Praias da Baía II,População do território de referência,Módulo do Médico de Família,Praias da Baía II,,mmfmartinstorres@fesaude.niteroi.rj.gov.br,Santa Rosa,https://sig.niteroi.rj.gov.br/server/rest/services/Hosted/NGP_SMS_FESAUDE_P_REDEPMF_PUBLICO/FeatureServer/10,"-22,8986573","-43,0911940",9046836,Primária,Municipal,Coordenadas oficiais
MMF Maruí,Módulo do Médico de Família,"Rua Maruí Grande, 15, Barreto, 24110-814
",Segunda a sexta; horários variam por unidade,97023-0348,Norte II,População do território de referência,Módulo do Médico de Família,Norte II,,mmfmarui@fesaude.niteroi.rj.gov.br,Barreto,https://sig.niteroi.rj.gov.br/server/rest/services/Hosted/NGP_SMS_FESAUDE_P_REDEPMF_PUBLICO/FeatureServer/10,"-22,8662712","-43,1079188",0013021,Primária,Municipal,Coordenadas oficiais
MMF Leopoldina,Módulo do Médico de Família,"Rua General Castrioto, 81, Barreto, 24110-160",Segunda a sexta; horários variam por unidade,97031-9943,Norte II,População do território de referência,Módulo do Médico de Família,Norte II,,mmfleopoldina@fesaude.niteroi.rj.gov.br,Barreto,https://sig.niteroi.rj.gov.br/server/rest/services/Hosted/NGP_SMS_FESAUDE_P_REDEPMF_PUBLICO/FeatureServer/10,"-22,8697202","-43,1068535",2298783,Primária,Municipal,Coordenadas oficiais
MMF Ponta Da Areia,Módulo do Médico de Família,"Praça Dr. Vitorino, s/n, Ponta da Areia, 24040-030",Segunda a sexta; horários variam por unidade,97021-6239,Praias da Baía I,População do território de referência,Módulo do Médico de Família,Praias da Baía I,,mmfpontadareia@fesaude.niteroi.rj.gov.br,Ponta da Areia,https://sig.niteroi.rj.gov.br/server/rest/services/Hosted/NGP_SMS_FESAUDE_P_REDEPMF_PUBLICO/FeatureServer/10,"-22,8832224","-43,1249003",9314237,Primária,Municipal,Coordenadas oficiais
MMF Souza Soares,Módulo do Médico de Família,"Rua Lions Clube, 37, Santa Rosa, 24230-525",Segunda a sexta; horários variam por unidade,97023-5844,Praias da Baía II,População do território de referência,Módulo do Médico de Família,Praias da Baía II,,mmfsouzasoares@fesaude.niteroi.rj.gov.br,Santa Rosa,https://sig.niteroi.rj.gov.br/server/rest/services/Hosted/NGP_SMS_FESAUDE_P_REDEPMF_PUBLICO/FeatureServer/10,"-22,9062486","-43,0900857",2282216,Primária,Municipal,Coordenadas oficiais
MMF Nova Brasília,Módulo do Médico de Família,"(Provisório) Rua Doutor Francisco Sardinha, 102, Engenhoca, 24110-645",Segunda a sexta; horários variam por unidade,3613-2142,Norte II,População do território de referência,Módulo do Médico de Família,Norte II,,mmfnovabrasilia@fesaude.niteroi.rj.gov.br,Engenhoca,https://sig.niteroi.rj.gov.br/server/rest/services/Hosted/NGP_SMS_FESAUDE_P_REDEPMF_PUBLICO/FeatureServer/10,"-22,8702643","-43,0951117",2298775,Primária,Municipal,Coordenadas oficiais
MMF Morro Do Céu,Módulo do Médico de Família,"Rua Daniel Riente, 29, Caramujo, 24140-555",Segunda a sexta; horários variam por unidade,97034-2123,Norte I,População do território de referência,Módulo do Médico de Família,Norte I,,mmfmorrodoceu@fesaude.niteroi.rj.gov.br,Caramujo,https://sig.niteroi.rj.gov.br/server/rest/services/Hosted/NGP_SMS_FESAUDE_P_REDEPMF_PUBLICO/FeatureServer/10,"-22,8936222","-43,0677839",7596162,Primária,Municipal,Coordenadas oficiais
MMF Jonathas Botelho,Módulo do Médico de Família,"Travessa Jonathas Botelho, 133, Cubango, 24240-415
",Segunda a sexta; horários variam por unidade,97032-9354,Norte I,População do território de referência,Módulo do Médico de Família,Norte I,,mmfjonathasbotelho@fesaude.niteroi.rj.gov.br,Cubango,https://sig.niteroi.rj.gov.br/server/rest/services/Hosted/NGP_SMS_FESAUDE_P_REDEPMF_PUBLICO/FeatureServer/10,"-22,8921351","-43,0924259",2298791,Primária,Municipal,Coordenadas oficiais
MMF Sapê,Módulo do Médico de Família,"Rua E, s/n, Sapê, 24315-610",Segunda a sexta; horários variam por unidade,97028-3937,Pendotiba,População do território de referência,Módulo do Médico de Família,Pendotiba,,mmfsape@fesaude.niteroi.rj.gov.br,Sapê,https://sig.niteroi.rj.gov.br/server/rest/services/Hosted/NGP_SMS_FESAUDE_P_REDEPMF_PUBLICO/FeatureServer/10,"-22,8952434","-43,0572548",9079696,Primária,Municipal,Coordenadas oficiais
MMF Baldeador,Módulo do Médico de Família,"Loteamento Bento Pestana, s/n, Baldeador, 24140-150
",Segunda a sexta; horários variam por unidade,97034-0966,Norte II,População do território de referência,Módulo do Médico de Família,Norte II,,mmfbaldeador@fesaude.niteroi.rj.gov.br,Baldeador,https://sig.niteroi.rj.gov.br/server/rest/services/Hosted/NGP_SMS_FESAUDE_P_REDEPMF_PUBLICO/FeatureServer/10,"-22,8690369","-43,0693965",7971249,Primária,Municipal,Coordenadas oficiais
MMF Preventório I,Módulo do Médico de Família,"Travessa Carmita, s/n, Charitas, 24370-470",Segunda a sexta; horários variam por unidade,96890-1430,Praias da Baía II,População do território de referência,Módulo do Médico de Família,Praias da Baía II,,mmfpreventorio1@fesaude.niteroi.rj.gov.br,Charitas,https://sig.niteroi.rj.gov.br/server/rest/services/Hosted/NGP_SMS_FESAUDE_P_REDEPMF_PUBLICO/FeatureServer/10,"-22,9337796","-43,0974597",0012955,Primária,Municipal,Coordenadas oficiais
MMF Alarico,Módulo do Médico de Família,"Estrada Alarico de Souza, s/n, Santa Rosa, 24315-000",Segunda a sexta; horários variam por unidade,97032-8973,Praias da Baía II,População do território de referência,Módulo do Médico de Família,Praias da Baía II,,mmfalarico@fesaude.niteroi.rj.gov.br,Santa Rosa,https://sig.niteroi.rj.gov.br/server/rest/services/Hosted/NGP_SMS_FESAUDE_P_REDEPMF_PUBLICO/FeatureServer/10,"-22,9007293","-43,0861696",6644988,Primária,Municipal,Coordenadas oficiais
MMF Cafubá I,Módulo do Médico de Família,"Avenida Dr. Raul de Oliveira Rodrigues, 03, Piratininga, 24350-630",Segunda a sexta; horários variam por unidade,97029-0524,Leste Oceânica,População do território de referência,Módulo do Médico de Família,Leste Oceânica,,mmfcafuba1@fesaude.niteroi.rj.gov.br,Piratininga,https://sig.niteroi.rj.gov.br/server/rest/services/Hosted/NGP_SMS_FESAUDE_P_REDEPMF_PUBLICO/FeatureServer/10,"-22,9372851","-43,0699369",2282224,Primária,Municipal,Coordenadas oficiais
MMF Grota I,Módulo do Médico de Família,"Rua Albino Pereira, 615, São Francisco, 24365-170
",Segunda a sexta; horários variam por unidade,97028-5564,Pendotiba,População do território de referência,Módulo do Médico de Família,Pendotiba,,mmfgrota1@fesaude.niteroi.rj.gov.br,São Francisco,https://sig.niteroi.rj.gov.br/server/rest/services/Hosted/NGP_SMS_FESAUDE_P_REDEPMF_PUBLICO/FeatureServer/10,"-22,9089717","-43,0759570",7746733,Primária,Municipal,Coordenadas oficiais
MMF Ilha Da Conceição,Módulo do Médico de Família,"Rua Jornalista Sardo Filho, 196, Ilha da Conceição, 24050-100",Segunda a sexta; horários variam por unidade,97035-3987,Praias da Baía I,População do território de referência,Módulo do Médico de Família,Praias da Baía I,,mmfilhadaconceicao@fesaude.niteroi.rj.gov.br,Ilha da Conceição,https://sig.niteroi.rj.gov.br/server/rest/services/Hosted/NGP_SMS_FESAUDE_P_REDEPMF_PUBLICO/FeatureServer/10,"-22,8727980","-43,1161932",0012939,Primária,Municipal,Coordenadas oficiais
MMF Maceió,Módulo do Médico de Família,"Rua José Bento Vieira Ferreira, s/n, Largo da Batalha, 24310-050",Segunda a sexta; horários variam por unidade,97033-2975,Pendotiba,População do território de referência,Módulo do Médico de Família,Pendotiba,,mmfmaceio@fesaude.niteroi.rj.gov.br,Largo da Batalha,https://sig.niteroi.rj.gov.br/server/rest/services/Hosted/NGP_SMS_FESAUDE_P_REDEPMF_PUBLICO/FeatureServer/10,"-22,9097162","-43,0689818",7161093,Primária,Municipal,Coordenadas oficiais
MMF Serrão Juca Branco,Módulo do Médico de Família,"Travessa Dona Júlia, 29, Fonseca, 24120-075",Segunda a sexta; horários variam por unidade,3613-2187,Norte I,População do território de referência,,Norte I,,mmfserraojucabranco@fesaude.niteroi.rj.gov.br,Fonseca,https://sig.niteroi.rj.gov.br/server/rest/services/Hosted/NGP_SMS_FESAUDE_P_REDEPMF_PUBLICO/FeatureServer/10,"-22,8827209","-43,0975814",4747526,,Municipal,Coordenadas oficiais
MMF Ititioca,Módulo do Médico de Família,"Rua Costa Monteiro, s/n, Ititioca, 24315-070",Segunda a sexta; horários variam por unidade,97031-2565,Pendotiba,População do território de referência,Módulo do Médico de Família,Pendotiba,,mmfititioca@fesaude.niteroi.rj.gov.br,Ititioca,https://sig.niteroi.rj.gov.br/server/rest/services/Hosted/NGP_SMS_FESAUDE_P_REDEPMF_PUBLICO/FeatureServer/10,"-22,8955964","-43,0776313",5985374,Primária,Municipal,Coordenadas oficiais
MMF Atalaia,Módulo do Médico de Família,"Rua Padre José Euger, s/n, Ititioca, 24315-010",Segunda a sexta; horários variam por unidade,97032-4493,Pendotiba,População do território de referência,Módulo do Médico de Família,Pendotiba,,mmfatalaia@fesaude.niteroi.rj.gov.br,Ititioca,https://sig.niteroi.rj.gov.br/server/rest/services/Hosted/NGP_SMS_FESAUDE_P_REDEPMF_PUBLICO/FeatureServer/10,"-22,8996165","-43,0796683",5985331,Primária,Municipal,Coordenadas oficiais
MMF Coronel Leôncio,Módulo do Médico de Família,"Avenida Professor João Brasil, s/n, Engenhoca, 24130-081",Segunda a sexta; horários variam por unidade,97030-3048,Norte II,População do território de referência,Módulo do Médico de Família,Norte II,,mmfcoronelleoncio@fesaude.niteroi.rj.gov.br,Engenhoca,https://sig.niteroi.rj.gov.br/server/rest/services/Hosted/NGP_SMS_FESAUDE_P_REDEPMF_PUBLICO/FeatureServer/10,"-22,8725518","-43,0944146",9973877,Primária,Municipal,Coordenadas oficiais
MMF Holofote,Módulo do Médico de Família,"Travessa do Holofote, 34 - D, Santana, 24110-010",Segunda a sexta; horários variam por unidade,,Praias da Baía I,População do território de referência,Módulo do Médico de Família,Praias da Baía I,,mmfholofote@fesaude.niteroi.rj.gov.br,Santana,https://sig.niteroi.rj.gov.br/server/rest/services/Hosted/NGP_SMS_FESAUDE_P_REDEPMF_PUBLICO/FeatureServer/10,"-22,8796080","-43,1090967",4645650,Primária,Municipal,Coordenadas oficiais
MMF Bernardino,Módulo do Médico de Família,"Rua Sa Barreto, 107
, Fonseca, 24120-297
",Segunda a sexta; horários variam por unidade,97031-3743,Norte I,População do território de referência,Módulo do Médico de Família,Norte I,,mmfbernardino@fesaude.niteroi.rj.gov.br,Fonseca,https://sig.niteroi.rj.gov.br/server/rest/services/Hosted/NGP_SMS_FESAUDE_P_REDEPMF_PUBLICO/FeatureServer/10,"-22,8838281","-43,0829017",6746667,Primária,Municipal,Coordenadas oficiais
MMF Vila Ipiranga,Módulo do Médico de Família,"Rua Tenente Osório, s/n, Fonseca, 24130-209",Segunda a sexta; horários variam por unidade,97028-7053,Norte I,População do território de referência,Módulo do Médico de Família,Norte I,,mmfvilaipiranga@fesaude.niteroi.rj.gov.br,Fonseca,https://sig.niteroi.rj.gov.br/server/rest/services/Hosted/NGP_SMS_FESAUDE_P_REDEPMF_PUBLICO/FeatureServer/10,"-22,8784561","-43,0921127",5985366,Primária,Municipal,Coordenadas oficiais
MMF Maravista,Módulo do Médico de Família,"Rua Astor da Costa Menezes, s/n, Maravista, 24342-410
",Segunda a sexta; horários variam por unidade,97025-9125,Leste Oceânica,População do território de referência,Módulo do Médico de Família,Leste Oceânica,,mmfmaravista@fesaude.niteroi.rj.gov.br,Maravista,https://sig.niteroi.rj.gov.br/server/rest/services/Hosted/NGP_SMS_FESAUDE_P_REDEPMF_PUBLICO/FeatureServer/10,"-22,9368896","-43,0318517",3069184,Primária,Municipal,Coordenadas oficiais
MMF Marítimos,Módulo do Médico de Família,"Avenida Machado, s/n, Barreto, 24111-000",Segunda a sexta; horários variam por unidade,97021-5993,Norte II,População do território de referência,Módulo do Médico de Família,Norte II,,mmfmaritimos@fesaude.niteroi.rj.gov.br,Barreto,https://sig.niteroi.rj.gov.br/server/rest/services/Hosted/NGP_SMS_FESAUDE_P_REDEPMF_PUBLICO/FeatureServer/10,"-22,8653539","-43,0953179",2282232,Primária,Municipal,Coordenadas oficiais
MMF Várzea Das Moças,Módulo do Médico de Família,"Estrada Velha de Maricá, s/n, Rio do Ouro, 24330-000",Segunda a sexta; horários variam por unidade,97026-2231,Leste Oceânica,População do território de referência,Módulo do Médico de Família,Leste Oceânica,,mmfvarzeadasmocas@fesaude.niteroi.rj.gov.br,Rio do Ouro,https://sig.niteroi.rj.gov.br/server/rest/services/Hosted/NGP_SMS_FESAUDE_P_REDEPMF_PUBLICO/FeatureServer/10,"-22,9033516","-42,9856487",0012696,Primária,Municipal,Coordenadas oficiais
MMF Cafubá II,Módulo do Médico de Família,"Rua Deputado José Luiz Erthal, s/n, Cafubá, 24350-050",Segunda a sexta; horários variam por unidade,96880-4131,Leste Oceânica,População do território de referência,Módulo do Médico de Família,Leste Oceânica,,mmfcafuba2@fesaude.niteroi.rj.gov.br,Cafubá,https://sig.niteroi.rj.gov.br/server/rest/services/Hosted/NGP_SMS_FESAUDE_P_REDEPMF_PUBLICO/FeatureServer/10,"-22,9344622","-43,0714758",2298805,Primária,Municipal,Coordenadas oficiais
MMF Badu,Módulo do Médico de Família,"Estrada Alcebiades Pinto, s/n, Badu, 24320-150",Segunda a sexta; horários variam por unidade,97023-8791,Pendotiba,População do território de referência,Módulo do Médico de Família,Pendotiba,,mmfbadu@fesaude.niteroi.rj.gov.br,Badu,https://sig.niteroi.rj.gov.br/server/rest/services/Hosted/NGP_SMS_FESAUDE_P_REDEPMF_PUBLICO/FeatureServer/10,"-22,9083441","-43,0499935",0012831,Primária,Municipal,Coordenadas oficiais
MMF Viçoso Jardim,Módulo do Médico de Família,"Estrada Viçoso Jardim, s/n, Viçoso Jardim, 24140-169",Segunda a sexta; horários variam por unidade,97030-9493,Norte I,População do território de referência,Módulo do Médico de Família,Norte I,,mmfvicosojardim@fesaude.niteroi.rj.gov.br,Viçoso Jardim,https://sig.niteroi.rj.gov.br/server/rest/services/Hosted/NGP_SMS_FESAUDE_P_REDEPMF_PUBLICO/FeatureServer/10,"-22,8931484","-43,0831583",7312458,Primária,Municipal,Coordenadas oficiais
MMF Teixeira De Freitas,Módulo do Médico de Família,"Rua Teixeira de Freitas, 380, Fonseca, 24130-616",Segunda a sexta; horários variam por unidade,96890-2190,Norte I,População do território de referência,Módulo do Médico de Família,Norte I,,mmfteixeiradefreitas@fesaude.niteroi.rj.gov.br,Fonseca,https://sig.niteroi.rj.gov.br/server/rest/services/Hosted/NGP_SMS_FESAUDE_P_REDEPMF_PUBLICO/FeatureServer/10,"-22,8745513","-43,0750540",7504853,Primária,Municipal,Coordenadas oficiais
MMF Grota II,Módulo do Médico de Família,"Rua Ascendino Pereira, 335, São Francisco, 24365-160",Segunda a sexta; horários variam por unidade,97033-6075,Pendotiba,População do território de referência,Módulo do Médico de Família,Pendotiba,,mmfgrota2@fesaude.niteroi.rj.gov.br,São Francisco,https://sig.niteroi.rj.gov.br/server/rest/services/Hosted/NGP_SMS_FESAUDE_P_REDEPMF_PUBLICO/FeatureServer/10,"-22,9121124","-43,0805969",2298872,Primária,Municipal,Coordenadas oficiais
MMF Palácio,Módulo do Médico de Família,"Rua Onze de Agosto, 04, Ingá, 24210-280",Segunda a sexta; horários variam por unidade,97025-6360,Praias da Baía II,População do território de referência,Módulo do Médico de Família,Praias da Baía II,,mmfpalacio@fesaude.niteroi.rj.gov.br,Ingá,https://sig.niteroi.rj.gov.br/server/rest/services/Hosted/NGP_SMS_FESAUDE_P_REDEPMF_PUBLICO/FeatureServer/10,"-22,9042330","-43,1262957",0013064,Primária,Municipal,Coordenadas oficiais
MMF Cantagalo,Módulo do Médico de Família,"Avenida Nelson de Oliveira e Silva, 63, Cantagalo, 24322-385",Segunda a sexta; horários variam por unidade,97026-7094,Pendotiba,População do território de referência,Módulo do Médico de Família,Pendotiba,,mmfcantagalo@fesaude.niteroi.rj.gov.br,Cantagalo,https://sig.niteroi.rj.gov.br/server/rest/services/Hosted/NGP_SMS_FESAUDE_P_REDEPMF_PUBLICO/FeatureServer/10,"-22,9110975","-43,0473251",2298821,Primária,Municipal,Coordenadas oficiais
MMF Matapaca,Módulo do Médico de Família,"Rua Aurora Ribeiro, 05, Maria Paula, 24320-610",Segunda a sexta; horários variam por unidade,97033-2047,Pendotiba,População do território de referência,Módulo do Médico de Família,Pendotiba,,mmfmatapaca@fesaude.niteroi.rj.gov.br,Maria Paula,https://sig.niteroi.rj.gov.br/server/rest/services/Hosted/NGP_SMS_FESAUDE_P_REDEPMF_PUBLICO/FeatureServer/10,"-22,8820546","-43,0313957",8013004,Primária,Municipal,Coordenadas oficiais
MMF Viradouro,Módulo do Médico de Família,"Rua Mario Vianna, 790, Santa Rosa, 24241-002",Segunda a sexta; horários variam por unidade,97033-7885,Praias da Baía II,População do território de referência,Módulo do Médico de Família,Praias da Baía II,,mmfviradouro@fesaude.niteroi.rj.gov.br,Santa Rosa,https://sig.niteroi.rj.gov.br/server/rest/services/Hosted/NGP_SMS_FESAUDE_P_REDEPMF_PUBLICO/FeatureServer/10,"-22,9059432","-43,0856921",0012963,Primária,Municipal,Coordenadas oficiais
MMF Colônia,Módulo do Médico de Família,"Praia de Itaipu, s/n, Itaipu, 24340-330
",Segunda a sexta; horários variam por unidade,97026-6368,Leste Oceânica,População do território de referência,Módulo do Médico de Família,Leste Oceânica,,mmfcolonia@fesaude.niteroi.rj.gov.br,Itaipu,https://sig.niteroi.rj.gov.br/server/rest/services/Hosted/NGP_SMS_FESAUDE_P_REDEPMF_PUBLICO/FeatureServer/10,"-22,9711558","-43,0452360",9069321,Primária,Municipal,Coordenadas oficiais
MMF Jurujuba,Módulo do Médico de Família,"Avenida Carlos Ermelindo Marins
, s/n, Jurujuba, 24370-195",Segunda a sexta; horários variam por unidade,97032-7598,Praias da Baía II,População do território de referência,Módulo do Médico de Família,Praias da Baía II,,mmfjurujuba@fesaude.niteroi.rj.gov.br,Jurujuba,https://sig.niteroi.rj.gov.br/server/rest/services/Hosted/NGP_SMS_FESAUDE_P_REDEPMF_PUBLICO/FeatureServer/10,"-22,9330748","-43,1148139",0012920,Primária,Municipal,Coordenadas oficiais
MMF Preventório II,Módulo do Médico de Família,"Rua Quintino Bocaiava, s/n, Charitas, 24370-001",Segunda a sexta; horários variam por unidade,97032-7544,Praias da Baía II,População do território de referência,Módulo do Médico de Família,Praias da Baía II,,mmfpreventorio2@fesaude.niteroi.rj.gov.br,Charitas,https://sig.niteroi.rj.gov.br/server/rest/services/Hosted/NGP_SMS_FESAUDE_P_REDEPMF_PUBLICO/FeatureServer/10,"-22,9346542","-43,0996024",0013072,Primária,Municipal,Coordenadas oficiais
UBS Engenhoca,Unidade Básica de Saúde,"Rua Coronel Guimarães, 724, Engenhoca, 24110-441","Segunda a sexta, conforme página oficial da unidade",(21) 96955-5909,Norte II,População do território de referência,Unidade Básica de Saúde,Norte II,Policlínica de referência: Policlinica Regional da Engenhoca,,Engenhoca,https://sig.niteroi.rj.gov.br/server/rest/services/Hosted/Unidades_B%C3%A1sicas_de_Sa%C3%BAde_(UBS)_visualiza%C3%A7%C3%A3o/FeatureServer/0,"-22,8709426","-43,0975504",0012785,Primária,Municipal,Coordenadas oficiais
UBS de Itaipu,Unidade Básica de Saúde,"Estrada Engenho do Mato, s/n, Maravista, 24346-040","Segunda a sexta, conforme página oficial da unidade",(21) 96955-3084,Leste Oceânica,População do território de referência,Unidade Básica de Saúde,Leste Oceânica,Policlínica de referência: Policlinica Regional de Itaipu,,Maravista,https://sig.niteroi.rj.gov.br/server/rest/services/Hosted/Unidades_B%C3%A1sicas_de_Sa%C3%BAde_(UBS)_visualiza%C3%A7%C3%A3o/FeatureServer/0,"-22,9525132","-43,0265984",4065409,Primária,Municipal,Coordenadas oficiais
UBS Morro do Estado,Unidade Básica de Saúde,"Rua Araújo Pimenta, s/n, Morro do Estado, 24210-080","Segunda a sexta, conforme página oficial da unidade",(21) 96955-7808,Praias da Baía I,População do território de referência,Unidade Básica de Saúde,Praias da Baía I,Policlínica de referência: Policlinica Regional Carlos Antonio da Silva,,Morro do Estado,https://sig.niteroi.rj.gov.br/server/rest/services/Hosted/Unidades_B%C3%A1sicas_de_Sa%C3%BAde_(UBS)_visualiza%C3%A7%C3%A3o/FeatureServer/0,"-22,8995316","-43,1181437",0012874,Primária,Municipal,Coordenadas oficiais
UBS Santa Bárbara,Unidade Básica de Saúde,"Rua Jandira Pereira, 625, Santa Bárbara, 24141-400","Segunda a sexta, conforme página oficial da unidade",(21) 96955-8733,Norte I,População do território de referência,Unidade Básica de Saúde,Norte I,Policlínica de referência: Policlinica Regional Carlos Antonio da Silva,,Santa Bárbara,https://sig.niteroi.rj.gov.br/server/rest/services/Hosted/Unidades_B%C3%A1sicas_de_Sa%C3%BAde_(UBS)_visualiza%C3%A7%C3%A3o/FeatureServer/0,"-22,8766996","-43,0490971",0012807,Primária,Municipal,Coordenadas oficiais
UBS Centro,Unidade Básica de Saúde,"Rua Visconde de Uruguai, 531, Centro, 24030-078","Segunda a sexta, conforme página oficial da unidade", (21) 96955-4217,Praias da Baía I,População do território de referência,Unidade Básica de Saúde,Praias da Baía I,Policlínica de referência: Policlinica Regional Carlos Antonio da Silva,,Centro,https://sig.niteroi.rj.gov.br/server/rest/services/Hosted/Unidades_B%C3%A1sicas_de_Sa%C3%BAde_(UBS)_visualiza%C3%A7%C3%A3o/FeatureServer/0,"-22,8936832","-43,1221233",0013048,Primária,Municipal,Coordenadas oficiais
UBS Carlos Antônio da Silva,Unidade Básica de Saúde,"Rua Jansen de Mello, s/n, Centro, 24030-220","Segunda a sexta, conforme página oficial da unidade",(21) 96955-3706,Praias da Baía I,População do território de referência,Unidade Básica de Saúde,Praias da Baía I,Policlínica de referência: Policlinica Regional Carlos Antonio da Silva,,Centro,https://sig.niteroi.rj.gov.br/server/rest/services/Hosted/Unidades_B%C3%A1sicas_de_Sa%C3%BAde_(UBS)_visualiza%C3%A7%C3%A3o/FeatureServer/0,"-22,8870797","-43,1151930",4007166,Primária,Municipal,Coordenadas oficiais
UBS Largo da Batalha,Unidade Básica de Saúde,"Rua Vereador Armando Ferreira, 30, Largo da Batalha, 24310-090","Segunda a sexta, conforme página oficial da unidade",(21) 96955-5788,Pendotiba,População do território de referência,Unidade Básica de Saúde,Pendotiba,Policlínica de referência: Policlinica Regional do Largo da Batalha,,Largo da Batalha,https://sig.niteroi.rj.gov.br/server/rest/services/Hosted/Unidades_B%C3%A1sicas_de_Sa%C3%BAde_(UBS)_visualiza%C3%A7%C3%A3o/FeatureServer/0,"-22,9074096","-43,0672962",4064208,Primária,Municipal,Coordenadas oficiais
UBS Dr. Guilherme Taylor March,Unidade Básica de Saúde,"Rua Desembargador Lima Castro, 238, Fonseca, 24140-173","Segunda a sexta, conforme página oficial da unidade",(21) 96955-6462,Norte I,População do território de referência,Unidade Básica de Saúde,Norte I,Policlínica de referência: Policlinica Regional Guilherme March,,Fonseca,https://sig.niteroi.rj.gov.br/server/rest/services/Hosted/Unidades_B%C3%A1sicas_de_Sa%C3%BAde_(UBS)_visualiza%C3%A7%C3%A3o/FeatureServer/0,"-22,8866748","-43,0872046",4065417,Primária,Municipal,Coordenadas oficiais
UBS Dr. Sérgio Arouca,Unidade Básica de Saúde,"Rua Vital Brazil, s/n, Vital Brazil, 24230-323","Segunda a sexta, conforme página oficial da unidade",(21) 96955-0983,Praias da Baía II,População do território de referência,Unidade Básica de Saúde,Praias da Baía II,Policlínica de referência: Policlinica Regional Sergio Arouca,,Vital Brazil,https://sig.niteroi.rj.gov.br/server/rest/services/Hosted/Unidades_B%C3%A1sicas_de_Sa%C3%BAde_(UBS)_visualiza%C3%A7%C3%A3o/FeatureServer/0,"-22,9053963","-43,0976451",4054938,Primária,Municipal,Coordenadas oficiais
UBS de Piratininga,Unidade Básica de Saúde,"Rua Doutor Marcolino Gomes Candau, 111, Piratininga, 24358-390","Segunda a sexta, conforme página oficial da unidade",(21) 96955-9275,Leste Oceânica,População do território de referência,Unidade Básica de Saúde,Leste Oceânica,Policlínica de referência: Policlinica Regional de Piratininga,,Piratininga,https://sig.niteroi.rj.gov.br/server/rest/services/Hosted/Unidades_B%C3%A1sicas_de_Sa%C3%BAde_(UBS)_visualiza%C3%A7%C3%A3o/FeatureServer/0,"-22,9522123","-43,0932002",4064194,Primária,Municipal,Coordenadas oficiais
UBS Barreto,Unidade Básica de Saúde,"Rua Doutor Luiz Palmier, 726, Barreto, 24110-340","Segunda a sexta, conforme página oficial da unidade",(21) 96955-8819,Norte II,População do território de referência,Unidade Básica de Saúde,Norte II,Policlínica de referência: Policlinica Regional Dr João da Silva Vizella,,Barreto,https://sig.niteroi.rj.gov.br/server/rest/services/Hosted/Unidades_B%C3%A1sicas_de_Sa%C3%BAde_(UBS)_visualiza%C3%A7%C3%A3o/FeatureServer/0,"-22,8649975","-43,0995815",4326571,Primária,Municipal,Coordenadas oficiais
Central de Regulação das Urgências,SAMU,"Rua Athayde Parreiras, 266, Bairro de Fátima, 24070-090",Atendimento 24 horas pelo telefone 192,21 2722-2873,Metropolitana II,População geral,SAMU,,Ponto SIG; distinguir Central de Regulação e Base Descentralizada,,Bairro de Fátima,https://sig.niteroi.rj.gov.br/server/rest/services/Hosted/SAMU/FeatureServer/0,"-22,8954289","-43,1101597",6961851,,Municipal,Coordenadas oficiais
Base Descentralizada de Niterói,SAMU,"Alameda São Boaventura, 144, São Lourenço, 24120-196",Atendimento 24 horas pelo telefone 192,,Metropolitana II,População geral,SAMU,,Ponto SIG; distinguir Central de Regulação e Base Descentralizada,,São Lourenço,https://sig.niteroi.rj.gov.br/server/rest/services/Hosted/SAMU/FeatureServer/0,"-22,8808662","-43,1061184",,,Municipal,Coordenadas oficiais
Policlínica Regional do Fonseca – Dr. Guilherme Taylor March,Policlínica,"Rua Desembargador Lima e Castro, nº 238 – Fonseca","Segunda a sexta, conforme unidade",,Norte I,População referenciada,Policlínica Regional,Norte I,,,Fonseca,SMS Niterói – Policlínicas,"-22,8866748","-43,0872046",,Atenção secundária,Municipal,Coordenadas oficiais
Policlínica Regional da Engenhoca – Dr. Renato Silva,Policlínica,"Avenida Professor João Brasil, s/nº – Engenhoca","Segunda a sexta, conforme unidade",,Norte II,População referenciada,Policlínica Regional,Norte II,,,Engenhoca,SMS Niterói – Policlínicas,,,,Atenção secundária,Municipal,Localização pendente de validação
Policlínica Regional do Barreto – Dr. João da Silva Vizella,Policlínica,"Rua Doutor Luiz Palmier, nº 726 – Barreto","Segunda a sexta, conforme unidade",,Norte II,População referenciada,Policlínica Regional,Norte II,No mesmo endereço há UBS Barreto.,,Barreto,SMS Niterói – Policlínicas,,,,Atenção secundária,Municipal,Localização pendente de validação
Policlínica Regional de São Lourenço – Dr. Carlos Antônio da Silva,Policlínica,"Rua Jansen de Mello, s/nº – São Lourenço","Segunda a sexta, conforme unidade",,Praias da Baía I,População referenciada,Policlínica Regional,Praias da Baía I,,,,SMS Niterói – Policlínicas,,,,Atenção secundária,Municipal,Localização pendente de validação
Policlínica de Especialidades em Atenção à Saúde da Mulher – Malú Sampaio,Policlínica,"Rua Visconde de Uruguai, nº 531 – Centro","Segunda a sexta, conforme unidade",,Município de Niterói,Mulheres,Policlínica de especialidades,Praias da Baía I,,,Centro,SMS Niterói – Policlínicas,,,,Atenção especializada,Municipal,Localização pendente de validação
Policlínica de Especialidades – Dr. Sylvio Picanço,Policlínica,"Rua XV de Novembro, nº 54 – Centro","Segunda a sexta, conforme unidade",,Município de Niterói,População geral,Policlínica de especialidades,Praias da Baía I,,,,SMS Niterói – Policlínicas,,,,Atenção especializada,Municipal,Localização pendente de validação
Policlínica dos Servidores de Niterói – Almir Madeira,Policlínica,"Rua São Pedro, nº 29 – Centro","Segunda a sexta, conforme unidade",,Servidores municipais,Servidores municipais,Policlínica de especialidades,Praias da Baía I,,,,SMS Niterói – Policlínicas,,,,Atenção especializada,Municipal,Localização pendente de validação
Policlínica Regional de Santa Rosa – Dr. Sérgio Arouca,Policlínica,"Rua Dr. Mário Viana, nº 653 – Santa Rosa","Segunda a sexta, conforme unidade",,Praias da Baía II,População referenciada,Policlínica Regional,Praias da Baía II,Unidade em que funciona UBS Santa Rosa.,,Santa Rosa,SMS Niterói – Policlínicas,,,,Atenção secundária,Municipal,Localização pendente de validação
Policlínica Comunitária de Jurujuba – Mário Munhoz Monroe,Policlínica,"Avenida Carlos Ermelindo Marins, s/nº – Jurujuba","Segunda a sexta, conforme unidade",,Praias da Baía II,População referenciada,Policlínica Comunitária,Praias da Baía II,,,,SMS Niterói – Policlínicas,,,,Atenção secundária,Municipal,Localização pendente de validação
Policlínica Regional do Largo da Batalha – Dr. Francisco da Cruz Nunes,Policlínica,"Rua Reverendo Armando Ferreira, nº 30 – Largo da Batalha","Segunda a sexta, conforme unidade",,Pendotiba,População referenciada,Policlínica Regional,Pendotiba,No mesmo endereço da SPA Largo da Batalha e UBS Largo da Batalha.,,Largo da Batalha,SMS Niterói – Policlínicas,,,,Atenção secundária,Municipal,Localização pendente de validação
Policlínica Regional de Itaipu – João da Silva Vizella,Policlínica,"Estrada Francisco da Cruz Nunes, s/nº – Itaipu","Segunda a sexta, conforme unidade",,Leste Oceânica,População referenciada,Policlínica Regional,Leste Oceânica,,,,SMS Niterói – Policlínicas,,,,Atenção secundária,Municipal,Localização pendente de validação
Policlínica Regional de Piratininga,Policlínica,"Rua Dr. Marcolino Gomes Candau, nº 111 – Piratininga","Segunda a sexta, conforme unidade",,Leste Oceânica,População referenciada,Policlínica Regional,Leste Oceânica,,,,SMS Niterói – Policlínicas,,,,Atenção secundária,Municipal,Localização pendente de validação
Hospital Getúlio Vargas Filho (HGVF) – Getulinho,Hospital,"Rua Teixeira de Freitas, s/n, Fonseca, 24130-616",24 horas,2627-1535,Município de Niterói,Emergência clínica pediátrica,Hospital municipal,Norte I,,sou@hgvf.org.br,Fonseca,SMS Niterói – Hospitais; coordenadas/endereço: https://services8.arcgis.com/TpaOLI1HCh5AcRQB/ArcGIS/rest/services/Grouplayer_SIGEO_AGOL/FeatureServer/40,"-22,8808287","-43,0783960",0012599,Atenção hospitalar,Municipal,Coordenadas oficiais do SIG Niterói
Hospital Orêncio de Freitas (HOF),Hospital,"Avenida Machado, s/n, Barreto, 24111-000",24 horas,2620-3434,Metropolitana II,Cirurgia geral; emergência 24h para cirurgias abdominais,Hospital municipal,Norte II,,hospitalorenciodefreitas@saude.niteroi.rj.gov.br,Barreto,SMS Niterói – Hospitais; coordenadas/endereço: https://services8.arcgis.com/TpaOLI1HCh5AcRQB/ArcGIS/rest/services/Grouplayer_SIGEO_AGOL/FeatureServer/40,"-22,8650937","-43,0946946",0012556,Atenção hospitalar,Municipal,Coordenadas oficiais do SIG Niterói
Hospital Municipal Carlos Tortelly (HMCT),Hospital,"Rua Desembargador Athaíde Parreiras, 266, Bairro de Fátima, 24070-090",24 horas,2523-8702,Município de Niterói,Emergência clínica adulta e odontológica; HIV/AIDS,Hospital municipal,Praias da Baía I,,direcao.hmct@saude.niteroi.rj.gov.br,Fátima,SMS Niterói – Hospitais; coordenadas/endereço: https://services8.arcgis.com/TpaOLI1HCh5AcRQB/ArcGIS/rest/services/Grouplayer_SIGEO_AGOL/FeatureServer/40,"-22,8956291","-43,1103682",0012513,Atenção hospitalar,Municipal,Coordenadas oficiais do SIG Niterói
Hospital Psiquiátrico de Jurujuba (HPJ),Hospital Psiquiátrico,"Avenida Quintino Bocaiúva, s/n, Charitas, 24370-005",Emergências psiquiátricas 24 horas,2711-3166,Município de Niterói,"Emergência psiquiátrica, internação e cuidado em saúde mental",Hospital municipal / RAPS,Praias da Baía II,Equipamento hospitalar da RAPS.,,Jurujuba,SMS Niterói – Hospitais / RAPS; coordenadas/endereço: https://services8.arcgis.com/TpaOLI1HCh5AcRQB/ArcGIS/rest/services/Grouplayer_SIGEO_AGOL/FeatureServer/40,"-22,9325336","-43,0977775",,Atenção hospitalar / psicossocial,Municipal,Coordenadas oficiais do SIG Niterói
Maternidade Municipal Dra. Alzira Reis Vieira Ferreira (MMARVF),Maternidade,"Avenida Carlos Ermelindo Marins, s/n, Jurujuba, 24370-005",24 horas,3611-0107,Município de Niterói,Gestantes de baixo risco,Maternidade municipal,Praias da Baía II,,,Charitas,SMS Niterói – Urgência e Emergência; coordenadas/endereço: https://services8.arcgis.com/TpaOLI1HCh5AcRQB/ArcGIS/rest/services/Grouplayer_SIGEO_AGOL/FeatureServer/40,"-22,9351631","-43,1009403",,Atenção hospitalar,Municipal,Coordenadas oficiais do SIG Niterói
UPA 24 horas – Fonseca,Unidade de Pronto Atendimento,"Rua Sá Barreto, nº 107 – Fonseca",24 horas,,Niterói,"Emergência clínica adulta, pediátrica e odontológica",UPA municipal,Norte I,,,Fonseca,SMS Niterói – Urgência e Emergência,,,,Urgência e emergência,Municipal,Localização pendente de validação
SPA Engenhoca,Serviço de Pronto Atendimento,"Avenida Professor João Brasil, s/nº – Engenhoca",24 horas,,Niterói,Urgência e emergência,SPA municipal,Norte II,,,Engenhoca,SMS Niterói – Urgência e Emergência,,,,Urgência e emergência,Municipal,Localização pendente de validação
SPA Largo da Batalha,Serviço de Pronto Atendimento,"Rua Reverendo Armando Ferreira, nº 30 – Largo da Batalha",24 horas,,Niterói,Urgência e emergência,SPA municipal,Pendotiba,,,Largo da Batalha,SMS Niterói – Urgência e Emergência,,,,Urgência e emergência,Municipal,Localização pendente de validação
UMAM – Unidade Municipal de Urgência Dr. Mário Monteiro,Unidade de Urgência,"Estrada Francisco da Cruz Nunes, s/nº – Itaipu",24 horas,,Niterói,Urgência e emergência,UMAM,Leste Oceânica,,,Itaipu,SMS Niterói – Urgência e Emergência,,,,Urgência e emergência,Municipal,Localização pendente de validação
Consultório na Rua – Equipe de Niterói,Consultório na Rua,Atendimento itinerante no município,Conforme programação da equipe,,Todo o município,População em situação de rua,Atenção Primária / Consultório na Rua,Municipal,Serviço itinerante; não possui ponto fixo único para mapa.,,,SMS Niterói – Consultório na Rua,,,,Atenção Primária,Municipal,Localização pendente de validação
CAPS II Herbert de Souza,CAPS II,"Rua Clotilde de Oliveira Rodrigues, 42, Fonseca, 24130-005",,(21) 3613-2190 / (21) 97025-2769,Norte I,Pessoas adultas com sofrimento psíquico intenso,CAPS II,Norte I,,,Fonseca,SMS Niterói – Unidades de Saúde / RAPS; coordenadas/endereço: https://sig.niteroi.rj.gov.br/server/rest/services/Hosted/NGP_SMS_FESAUDE_P_RAPS_PUBLICO/FeatureServer/10,"-22,8816678","-43,1057652",2293269,Atenção psicossocial,Municipal,Coordenadas oficiais do SIG Niterói
CAPS II Casa do Largo,CAPS II,"Avenida Presidente Roosevelt, 465, São Francisco, 24310-410",,(21)3613-2189 / (21)97031-4469,Praias da Baía II,Pessoas adultas com sofrimento psíquico intenso,CAPS II,Praias da Baía II,,,São Francisco,SMS Niterói – RAPS; coordenadas/endereço: https://sig.niteroi.rj.gov.br/server/rest/services/Hosted/NGP_SMS_FESAUDE_P_RAPS_PUBLICO/FeatureServer/10,"-22,9137152","-43,0841226",2298856,Atenção psicossocial,Municipal,Coordenadas oficiais do SIG Niterói
CAPS AD III Alcenir Veras,CAPS AD III,"Rua Dr. Fróes da Cruz, nº 22 – Centro, Niterói/RJ – CEP 24030-030",24 horas,(21) 3613-2188 / (21) 97023-1678,Município de Niterói,Pessoas com necessidades relacionadas ao uso de álcool e outras drogas,CAPS AD III,Praias da Baía I,,,São Domingos,https://sig.niteroi.rj.gov.br/server/rest/services/Hosted/NGP_SMS_FESAUDE_P_RAPS_PUBLICO/FeatureServer/10,"-22,8864563","-43,1242408",3296598,Atenção psicossocial,Municipal,Coordenadas oficiais do SIG Niterói
CAPS i Monteiro Lobato,CAPS i,"Avenida Almirante Ary Parreiras, 649, Vital Brazil, 24230-321",,(21) 3613-2192 / (21) 97026-9151,Município de Niterói,Crianças e adolescentes,CAPS i,Praias da Baía II,,,Vital Brazil,SMS Niterói – RAPS; coordenadas/endereço: https://sig.niteroi.rj.gov.br/server/rest/services/Hosted/NGP_SMS_FESAUDE_P_RAPS_PUBLICO/FeatureServer/10,"-22,9043698","-43,0961779",3708330,Atenção psicossocial,Municipal,Coordenadas oficiais do SIG Niterói
Centro de Convivência e Cultura Dona Ivone Lara,Centro de Convivência e Cultura,"Rua Dr. Carlos Maximiano, 61, São Lourenço, 24120-000",,(21) 3613-2191,Norte I,Pessoas acompanhadas pela rede de saúde mental,Centro de Convivência e Cultura,Norte I,,,Fonseca,SMS Niterói – RAPS; coordenadas/endereço: https://sig.niteroi.rj.gov.br/server/rest/services/Hosted/NGP_SMS_FESAUDE_P_RAPS_PUBLICO/FeatureServer/10,"-22,8828879","-43,1074088",,Atenção psicossocial,Municipal,Coordenadas oficiais do SIG Niterói
Unidade de Acolhimento Adulto (UAA) – Olegário Perpétuo da Silva,Unidade de Acolhimento em Saúde,Endereço não publicado na página consultada,,,Praias da Baía I,Adultos vinculados ao cuidado em saúde mental/álcool e outras drogas,UAA,Praias da Baía I,Endereço não publicado; não mapear até confirmação.,,,SMS Niterói – RAPS,,,,Atenção psicossocial,Endereço pendente,Localização pendente de validação
Unidade de Acolhimento Infantojuvenil (UAI),Unidade de Acolhimento em Saúde,"Avenida Almirante Ary Parreiras, 676, Vital Brazil, 24230-321",,(21) 3613-2193 / (21) 97031-5406,Praias da Baía II,Crianças e adolescentes vinculados ao cuidado em saúde mental/álcool e outras drogas,UAI,Praias da Baía II,Endereço não publicado; não mapear até confirmação.,,,SMS Niterói – RAPS; coordenadas/endereço: https://sig.niteroi.rj.gov.br/server/rest/services/Hosted/NGP_SMS_FESAUDE_P_RAPS_PUBLICO/FeatureServer/10,"-22,9048134","-43,0955771",,Atenção psicossocial,Endereço pendente,Coordenadas oficiais do SIG Niterói
AASM – Policlínica Regional do Fonseca,Ambulatório Ampliado de Saúde Mental,"Rua Desembargador Lima e Castro, nº 238 – Fonseca","Segunda a sexta, 8h às 17h",(21) 96955-9224,Norte I,Pessoas com sofrimento psíquico moderado,AASM,Norte I,Localizada no mesmo endereço do equipamento UBS Dr. Guilherme Taylor March; coordenada herdada do ponto oficial do SIG Niterói.,saudemental.prgtm@gmail.com,Fonseca,SMS Niterói – RAPS; coordenada do equipamento co-localizado: https://sig.niteroi.rj.gov.br/server/rest/services/Hosted/Unidades_B%C3%A1sicas_de_Sa%C3%BAde_(UBS)_visualiza%C3%A7%C3%A3o/FeatureServer/0,"-22,8866748","-43,0872046",,Atenção psicossocial,Municipal,Co-localizado; coordenada oficial SIG Niterói
AASM – Policlínica Regional do Barreto,Ambulatório Ampliado de Saúde Mental,"Rua Doutor Luiz Palmier, nº 726 – Barreto","Segunda a sexta, 8h às 17h",(21) 96955-6879,Norte II,Pessoas com sofrimento psíquico moderado,AASM,Norte II,Localizada no mesmo endereço do equipamento UBS Barreto; coordenada herdada do ponto oficial do SIG Niterói.,saudemental.eng@gmail.com,Barreto,SMS Niterói – RAPS; coordenada do equipamento co-localizado: https://sig.niteroi.rj.gov.br/server/rest/services/Hosted/Unidades_B%C3%A1sicas_de_Sa%C3%BAde_(UBS)_visualiza%C3%A7%C3%A3o/FeatureServer/0,"-22,8649975","-43,0995815",,Atenção psicossocial,Municipal,Co-localizado; coordenada oficial SIG Niterói
Residência Terapêutica Fonseca,Serviço Residencial Terapêutico,Endereço individual não publicado na página consultada,,,Município de Niterói,Pessoas em processo de desinstitucionalização/cuidado em saúde mental,SRT,,"Listagem oficial identifica a unidade/território, mas não divulga endereço; ponto pendente de confirmação.",,,SMS Niterói – RAPS,,,,Atenção psicossocial,Endereço pendente,Localização pendente de validação
Residência Terapêutica São Lourenço,Serviço Residencial Terapêutico,Endereço individual não publicado na página consultada,,,Município de Niterói,Pessoas em processo de desinstitucionalização/cuidado em saúde mental,SRT,,"Listagem oficial identifica a unidade/território, mas não divulga endereço; ponto pendente de confirmação.",,,SMS Niterói – RAPS,,,,Atenção psicossocial,Endereço pendente,Localização pendente de validação
Residência Terapêutica Centro,Serviço Residencial Terapêutico,Endereço individual não publicado na página consultada,,,Município de Niterói,Pessoas em processo de desinstitucionalização/cuidado em saúde mental,SRT,,"Listagem oficial identifica a unidade/território, mas não divulga endereço; ponto pendente de confirmação.",,,SMS Niterói – RAPS,,,,Atenção psicossocial,Endereço pendente,Localização pendente de validação
Residência Terapêutica Charitas I,Serviço Residencial Terapêutico,Endereço individual não publicado na página consultada,,,Município de Niterói,Pessoas em processo de desinstitucionalização/cuidado em saúde mental,SRT,,"Listagem oficial identifica a unidade/território, mas não divulga endereço; ponto pendente de confirmação.",,,SMS Niterói – RAPS,,,,Atenção psicossocial,Endereço pendente,Localização pendente de validação
Residência Terapêutica Charitas II,Serviço Residencial Terapêutico,Endereço individual não publicado na página consultada,,,Município de Niterói,Pessoas em processo de desinstitucionalização/cuidado em saúde mental,SRT,,"Listagem oficial identifica a unidade/território, mas não divulga endereço; ponto pendente de confirmação.",,,SMS Niterói – RAPS,,,,Atenção psicossocial,Endereço pendente,Localização pendente de validação
Residência Terapêutica Charitas III,Serviço Residencial Terapêutico,Endereço individual não publicado na página consultada,,,Município de Niterói,Pessoas em processo de desinstitucionalização/cuidado em saúde mental,SRT,,"Listagem oficial identifica a unidade/território, mas não divulga endereço; ponto pendente de confirmação.",,,SMS Niterói – RAPS,,,,Atenção psicossocial,Endereço pendente,Localização pendente de validação
Residência Terapêutica Preventório PAC,Serviço Residencial Terapêutico,Endereço individual não publicado na página consultada,,,Município de Niterói,Pessoas em processo de desinstitucionalização/cuidado em saúde mental,SRT,,"Listagem oficial identifica a unidade/território, mas não divulga endereço; ponto pendente de confirmação.",,,SMS Niterói – RAPS,,,,Atenção psicossocial,Endereço pendente,Localização pendente de validação
Residência Terapêutica Preventório PAC I,Serviço Residencial Terapêutico,Endereço individual não publicado na página consultada,,,Município de Niterói,Pessoas em processo de desinstitucionalização/cuidado em saúde mental,SRT,,"Listagem oficial identifica a unidade/território, mas não divulga endereço; ponto pendente de confirmação.",,,SMS Niterói – RAPS,,,,Atenção psicossocial,Endereço pendente,Localização pendente de validação
Residência Terapêutica Preventório PAC II,Serviço Residencial Terapêutico,Endereço individual não publicado na página consultada,,,Município de Niterói,Pessoas em processo de desinstitucionalização/cuidado em saúde mental,SRT,,"Listagem oficial identifica a unidade/território, mas não divulga endereço; ponto pendente de confirmação.",,,SMS Niterói – RAPS,,,,Atenção psicossocial,Endereço pendente,Localização pendente de validação
Residência Terapêutica Preventório PAC V,Serviço Residencial Terapêutico,Endereço individual não publicado na página consultada,,,Município de Niterói,Pessoas em processo de desinstitucionalização/cuidado em saúde mental,SRT,,"Listagem oficial identifica a unidade/território, mas não divulga endereço; ponto pendente de confirmação.",,,SMS Niterói – RAPS,,,,Atenção psicossocial,Endereço pendente,Localização pendente de validação
AASM – Policlínica Regional de São Lourenço,Ambulatório Ampliado de Saúde Mental,"Rua Jansen de Mello, s/nº – São Lourenço","Segunda a sexta, 8h às 17h",,Regional de Saúde Praias da Baía I,Pessoas com sofrimento psíquico moderado,AASM,Praias da Baía I,,,,SMS Niterói – RAPS,,,,Atenção psicossocial,Municipal,Localização pendente de validação
AASM – Policlínica Regional de Santa Rosa,Ambulatório Ampliado de Saúde Mental,"Rua Dr. Mário Viana, nº 653 – Santa Rosa","Segunda a sexta, 8h às 17h",,Regional de Saúde Praias da Baía II,Pessoas com sofrimento psíquico moderado,AASM,Praias da Baía II,,,,SMS Niterói – RAPS,,,,Atenção psicossocial,Municipal,Localização pendente de validação
AASM – Policlínica Regional de Itaipu,Ambulatório Ampliado de Saúde Mental,"Estrada Francisco da Cruz Nunes, s/nº – Itaipu","Segunda a sexta, 8h às 17h",,Regional de Saúde Leste Oceânica,Pessoas com sofrimento psíquico moderado,AASM,Leste Oceânica,,,,SMS Niterói – RAPS,,,,Atenção psicossocial,Municipal,Localização pendente de validação
AASM – Policlínica Regional do Largo da Batalha,Ambulatório Ampliado de Saúde Mental,"Rua Reverendo Armando Ferreira, nº 30 – Largo da Batalha","Segunda a sexta, 8h às 17h",,Regional de Saúde Pendotiba,Pessoas com sofrimento psíquico moderado,AASM,Pendotiba,,,,SMS Niterói – RAPS,,,,Atenção psicossocial,Municipal,Localização pendente de validação
